Workbook

Sheet Data
A1: Dato | B1: TTF Day Ahead Price € | C1: TTF Within day price € | D1: Temperature deviation (Celsius) | E1: Storage level (%) | F1: LNG Imports (GWh) | G1: Pipeline flow (GWh) | H1: Pipeline outage (0/1) | I1: Demand forecast
A2: 45947 | B2: 51.24 | C2: 64.3 | D2: 5 | E2: 97 | F2: 1283 | G2: 1399 | H2: 0 | I2: 3253
A3: 45948 | B3: 68.52 | C3: 46.82 | D3: 2 | E3: 96.6 | F3: 1317 | G3: 1528 | H3: 0 | I3: 2481
A4: 45949 | B4: 61.96 | C4: 42.6 | D4: -9 | E4: 96.2 | F4: 759 | G4: 1804 | H4: 0 | I4: 2280
A5: 45950 | B5: 57.96 | C5: 77.96 | D5: 4 | E5: 95.8 | F5: 987 | G5: 1383 | H5: 0 | I5: 2061
A6: 45951 | B6: 44.68 | C6: 78.63 | D6: -6 | E6: 95.3 | F6: 793 | G6: 1262 | H6: 1 | I6: 2886
A7: 45952 | B7: 44.68 | C7: 72.34 | D7: -3 | E7: 94.9 | F7: 1390 | G7: 1432 | H7: 1 | I7: 3016
A8: 45953 | B8: 41.74 | C8: 52.18 | D8: -1 | E8: 94.5 | F8: 1199 | G8: 1329 | H8: 0 | I8: 2025
A9: 45954 | B9: 65.99 | C9: 43.91 | D9: -2 | E9: 94.1 | F9: 965 | G9: 1944 | H9: 0 | I9: 2768
A10: 45955 | B10: 58.03 | C10: 67.37 | D10: 1 | E10: 93.7 | F10: 751 | G10: 1846 | H10: 0 | I10: 2340
A11: 45956 | B11: 61.24 | C11: 57.61 | D11: 1 | E11: 93.3 | F11: 949 | G11: 1707 | H11: 0 | I11: 2968
A12: 45957 | B12: 40.62 | C12: 44.88 | D12: 1 | E12: 92.9 | F12: 960 | G12: 1897 | H12: 0 | I12: 2262
A13: 45958 | B13: 69.1 | C13: 59.81 | D13: 2 | E13: 92.4 | F13: 1284 | G13: 1843 | H13: 0 | I13: 3036
... A31: 45976 | B31: 41.39 | C31: 53.01 | D31: -3 | E31: 85 | F31: 1426 | G31: 1954 | H31: 0 | I31: 2509

Sheet Beregninger
A1: Price change | C1: Outage | D1: 7 day volatilty | E1: 7 day rolling average
A2: =Data!B2-Data!B1 -> #VALUE! | C2: =IF(Data!H2=1,"Yes","No") -> No
A3: =Data!B3-Data!B2 -> 17.28 | C3: =IF(Data!H3=1,"Yes","No") -> No
A4: =Data!B4-Data!B3 -> -6.56 | C4: =IF(Data!H4=1,"Yes","No") -> No
A5: =Data!B5-Data!B4 -> -4 | C5: =IF(Data!H5=1,"Yes","No") -> No
A6: =Data!B6-Data!B5 -> -13.28 | C6: =IF(Data!H6=1,"Yes","No") -> Yes
A7: =Data!B7-Data!B6 -> 0 | C7: =IF(Data!H7=1,"Yes","No") -> Yes
A8: =Data!B8-Data!B7 -> -2.94 | C8: =IF(Data!H8=1,"Yes","No") -> No | D8: =_xlfn.STDEV.S(Data!B2:B8) -> 10.116626 | E8: =AVERAGE(Data!B2:B8) -> 52.968571
A9: =Data!B9-Data!B8 -> 24.25 | C9: =IF(Data!H9=1,"Yes","No") -> No | D9: =_xlfn.STDEV.S(Data!B3:B9) -> 11.177104 | E9: =AVERAGE(Data!B3:B9) -> 55.075714
A10: =Data!B10-Data!B9 -> -7.96 | C10: =IF(Data!H10=1,"Yes","No") -> No | D10: =_xlfn.STDEV.S(Data!B4:B10) -> 9.6766467 | E10: =AVERAGE(Data!B4:B10) -> 53.577143
A11: =Data!B11-Data!B10 -> 3.21 | C11: =IF(Data!H11=1,"Yes","No") -> No | D11: =_xlfn.STDEV.S(Data!B5:B11) -> 9.575994 | E11: =AVERAGE(Data!B5:B11) -> 53.474286
A12: =Data!B12-Data!B11 -> -20.62 | C12: =IF(Data!H12=1,"Yes","No") -> No | D12: =_xlfn.STDEV.S(Data!B6:B12) -> 10.427171 | E12: =AVERAGE(Data!B6:B12) -> 50.997143
A13: =Data!B13-Data!B12 -> 28.48 | C13: =IF(Data!H13=1,"Yes","No") -> No | D13: =_xlfn.STDEV.S(Data!B7:B13) -> 11.937138 | E13: =AVERAGE(Data!B7:B13) -> 54.485714
A14: =Data!B14-Data!B13 -> -4.13 | C14: =IF(Data!H14=1,"Yes","No") -> No | D14: =_xlfn.STDEV.S(Data!B8:B14) -> 11.618432 | E14: =AVERAGE(Data!B8:B14) -> 57.384286
A15: =Data!B15-Data!B14 -> -18.6 | C15: =IF(Data!H15=1,"Yes","No") -> No | D15: =_xlfn.STDEV.S(Data!B9:B15) -> 10.672677 | E15: =AVERAGE(Data!B9:B15) -> 58.045714
A16: =Data!B16-Data!B15 -> -0.92 | C16: =IF(Data!H16=1,"Yes","No") -> No | D16: =_xlfn.STDEV.S(Data!B10:B16) -> 10.944605 | E16: =AVERAGE(Data!B10:B16) -> 55.111429
A17: =Data!B17-Data!B16 -> 0.05 | C17: =IF(Data!H17=1,"Yes","No") -> Yes | D17: =_xlfn.STDEV.S(Data!B11:B17) -> 11.402771 | E17: =AVERAGE(Data!B11:B17) -> 53.321429
A18: =Data!B18-Data!B17 -> 3.63 | C18: =IF(Data!H18=1,"Yes","No") -> No | D18: =_xlfn.STDEV.S(Data!B12:B18) -> 10.909118 | E18: =AVERAGE(Data!B12:B18) -> 51.591429
A19: =Data!B19-Data!B18 -> 6.61 | C19: =IF(Data!H19=1,"Yes","No") -> No | D19: =_xlfn.STDEV.S(Data!B13:B19) -> 9.8169266 | E19: =AVERAGE(Data!B13:B19) -> 53.751429
... A32: =Data!B32-Data!B31 -> -41.39 | C32: =IF(Data!H32=1,"Yes","No") -> No | D32: =_xlfn.STDEV.S(Data!B26:B32) -> 8.0568058 | E32: =AVERAGE(Data!B26:B32) -> 52.97

Sheet Dashboard
B2: Vælg dato | C2: 45958 | G2: Day Ahead Price | I2: Within day price | K2: Temperature deviation
G3: =INDEX(Data!B2:B31, MATCH($C$2, Data!A2:A31, 0)) -> 69.1 | I3: =INDEX(Data!C2:C31, MATCH($C$2, Data!A2:A31, 0)) -> 59.81 | K3: =INDEX(Data!D2:D31, MATCH($C$2, Data!A2:A31, 0)) -> 2
G6: Storage level | I6: Outage | K6: 7 day rolling average
G7: =INDEX(Data!E2:E31, MATCH($C$2, Data!A2:A31, 0)) -> 92.4 | I7: =INDEX(Beregninger!C2:C31, MATCH($C$2, Data!A2:A31, 0)) -> No | K7: =INDEX(Beregninger!E2:E31, MATCH($C$2, Data!A2:A31, 0)) -> 54.485714
G9: 7 day volatility
G10: =INDEX(Beregninger!D2:D31, MATCH($C$2, Data!A2:A31, 0)) -> 11.937138
I14: Markedsoversigt
G15: ="Dato: " &TEXT($C$2,"dd-mm-åååå") &" | TTF Day Ahead Price €: " &TEXT(INDEX(Data!B2:B31, MATCH($C$2, Data!A2:A31, 0)),"0,00") &" | TTF Within day price €: " &TEXT(INDEX(Data!C2:C31, MATCH($C$2, Data!A2:A31, 0)),"0,00") &" | Temperature deviation (Celsius): " &INDEX(Data!D2:D31, MATCH($C$2, Data!A2:A31, 0)) &" | Storage level (%): " &TEXT(INDEX(Data!E2:E31, MATCH($C$2, Data!A2:A31, 0)),"0,0") &" | Outage: " &INDEX(Beregninger!C2:C31, MATCH($C$2, Data!A2:A31, 0)) &" | 7 day rolling average: " &TEXT(INDEX(Beregninger!E2:E31, MATCH($C$2, Data!A2:A31, 0)),"0,00") &" | 7 day volatilty: " &TEXT(INDEX(Beregninger!D2:D31, MATCH($C$2, Data!A2:A31, 0)),"0,00") -> Dato: 28-10-2025 | TTF Day Ahead Price €: 69,10 | TTF Within day price €: 59,81 | Temperature deviation (Celsius): 2 | Storage level (%): 92,4 | Outage: No | 7 day rolling average: 54,49 | 7 day volatilty: 11,94
